category,total_sales,aov,avg_review
Alcohol,1962705.59,130.4833333,81.35
Clothing,652361,129.68875,81.18
DIY Goods,370546,212.0614286,81.52
Eletrical Goods,1170252.81,287.1966667,80.97
Food,2313503.86,116.7933333,83.56
Furniture,212818.5088,270.0025,79.23
Household,5088316,167.45,82.31
Entertainments,1792114.88,166.94,81.99
Luxury,93185.35,147.27375,85.68
Services,197264.28,230.108,75.19
Sports Equipments,1702548.07,129.34,84.14